{"pitch": [-2.754133766124143, 10.781971617747972, 214.8218368287504, 54.8855443421608], "energy": [-1.3059450387954712, 17.264049530029297, 13.960719724049044, 10.68187856017385]}